Cusomer_Id,Channel,Distance_from_Store,Fresh,Milk,Grocery,Frozen,Detergents_Paper,Delicassen,Gender
1,2,less than 2 Km,12669,9656,7561,214,2674,1338,M
2,2,less than 2 Km,7057,9810,9568,1762,3293,1776,M
3,2,less than 2 Km,6353,8808,7684,2405,3516,7844,M
4,1,less than 2 Km,13265,1196,4221,6404,507,1788,M
5,2,less than 2 Km,22615,5410,7198,3915,1777,5185,M
6,2,less than 2 Km,9413,8259,5126,666,1795,1451,M
7,2,less than 2 Km,12126,3199,6975,480,3140,545,F
8,2,less than 2 Km,7579,4956,9426,1669,3321,2566,F
9,1,less than 2 Km,5963,3648,6192,425,1716,750,F
10,2,less than 2 Km,6006,11093,18881,1159,7425,2098,F
11,2,less than 2 Km,3366,5403,12974,4400,5977,1744,F
12,2,less than 2 Km,13146,1124,4523,1420,549,497,F
13,2,less than 2 Km,31714,12319,11757,287,3881,2931,F
14,2,less than 2 Km,21217,6208,14982,3095,6707,602,F
15,2,less than 2 Km,24653,9465,12091,294,5058,2168,F
16,1,less than 2 Km,10253,1114,3821,397,964,412,F
17,2,less than 2 Km,1020,8816,12121,134,4508,1080,F
18,1,less than 2 Km,5876,6157,2933,839,370,4478,F
19,2,less than 2 Km,18601,6327,10099,2205,2767,3181,F
20,1,less than 2 Km,7780,2495,9464,669,2518,501,F
21,2,less than 2 Km,17546,4519,4602,1066,2259,2124,F
22,1,less than 2 Km,5567,871,2010,3383,375,569,F
23,1,less than 2 Km,31276,1917,4469,9408,2381,4334,M
24,2,less than 2 Km,26373,36423,22019,5154,4337,16523,M
25,2,less than 2 Km,22647,9776,13792,2915,4482,5778,M
26,2,less than 2 Km,16165,4230,7595,201,4003,57,M
27,1,less than 2 Km,9898,961,2861,3151,242,833,M
28,1,less than 2 Km,14276,803,3045,485,100,518,M
29,2,less than 2 Km,4113,20484,25957,1158,8604,5206,M
30,1,less than 2 Km,43088,2100,2609,1200,1107,823,M
31,1,less than 2 Km,18815,3610,11107,1148,2134,2963,M
32,1,less than 2 Km,2612,4339,3133,2088,820,985,M
33,1,less than 2 Km,21632,1318,2886,266,918,405,M
34,1,less than 2 Km,29729,4786,7326,6130,361,1083,M
35,1,less than 2 Km,1502,1979,2262,425,483,395,M
36,2,less than 2 Km,688,5491,11091,833,4239,436,M
37,1,less than 2 Km,29955,4362,5428,1729,862,4626,M
38,2,less than 2 Km,15168,10556,12477,1920,6506,714,M
39,2,less than 2 Km,4591,15729,16709,33,6956,433,M
40,1,less than 2 Km,56159,555,902,10002,212,2916,M
41,1,less than 2 Km,24025,4332,4757,9510,1145,5864,M
42,1,less than 2 Km,19176,3065,5956,2033,2575,2802,M
43,2,less than 2 Km,10850,7555,14961,188,6899,46,M
44,2,less than 2 Km,630,11095,23998,787,9529,72,M
45,2,less than 2 Km,9670,7027,10471,541,4618,65,M
46,2,less than 2 Km,5181,22044,21531,1740,7353,4985,M
47,2,less than 2 Km,3103,14069,21955,1668,6792,1452,M
48,2,less than 2 Km,44466,54259,55571,7782,24171,6465,M
49,2,less than 2 Km,11519,6152,10868,584,5121,1476,M
50,2,less than 2 Km,4967,21412,28921,1798,13583,1163,M
51,1,less than 2 Km,6269,1095,1980,3860,609,2162,M
52,1,less than 2 Km,3347,4051,6996,239,1538,301,M
53,2,less than 2 Km,40721,3916,5876,532,2587,1278,M
54,2,less than 2 Km,491,10473,11532,744,5611,224,M
55,1,less than 2 Km,27329,1449,1947,2436,204,1333,M
56,1,less than 2 Km,5264,3683,5005,1057,2024,1130,M
57,2,less than 2 Km,4098,29892,26866,2616,17740,1340,M
58,2,less than 2 Km,5417,9933,10487,38,7572,1282,M
59,1,less than 2 Km,13779,1970,1648,596,227,436,M
60,1,less than 2 Km,6137,5360,8040,129,3084,1603,M
61,2,less than 2 Km,8590,3045,7854,96,4095,225,M
62,2,less than 2 Km,35942,38369,59598,3254,26701,2017,M
63,2,less than 2 Km,7823,6245,6544,4154,4074,964,M
64,2,less than 2 Km,9396,11601,15775,2896,7677,1295,M
65,1,less than 2 Km,4760,1227,3250,3724,1247,1145,M
66,2,less than 2 Km,85,20959,45828,36,24231,1423,M
67,1,less than 2 Km,9,1534,7417,175,3468,27,M
68,2,less than 2 Km,19913,6759,13462,1256,5141,834,M
69,1,less than 2 Km,2446,7260,3993,5870,788,3095,M
70,1,less than 2 Km,8352,2820,1293,779,656,144,M
71,1,less than 2 Km,16705,2037,3202,10643,116,1365,M
72,1,less than 2 Km,18291,1266,21042,5373,4173,14472,M
73,1,less than 2 Km,4420,5139,2661,8872,1321,181,M
74,2,less than 2 Km,19899,5332,8713,8132,764,648,M
75,2,less than 2 Km,8190,6343,9794,1285,1901,1780,M
76,1,less than 2 Km,20398,1137,3,4407,3,975,M
77,1,less than 2 Km,717,3587,6532,7530,529,894,M
78,2,less than 2 Km,12205,12697,28540,869,12034,1009,M
79,1,less than 2 Km,10766,1175,2067,2096,301,167,M
80,1,less than 2 Km,1640,3259,3655,868,1202,1653,M
81,1,less than 2 Km,7005,829,3009,430,610,529,M
82,2,less than 2 Km,219,9540,14403,283,7818,156,M
83,2,less than 2 Km,10362,9232,11009,737,3537,2342,M
84,1,less than 2 Km,20874,1563,1783,2320,550,772,M
85,2,less than 2 Km,11867,3327,4814,1178,3837,120,M
86,2,less than 2 Km,16117,46197,92780,1026,40827,2944,M
87,2,less than 2 Km,22925,73498,32114,987,20070,903,M
88,1,less than 2 Km,43265,5025,8117,6312,1579,14351,M
89,1,less than 2 Km,7864,542,4042,9735,165,46,M
90,1,less than 2 Km,24904,3836,5330,3443,454,3178,M
91,1,less than 2 Km,11405,596,1638,3347,69,360,M
92,1,less than 2 Km,12754,2762,2530,8693,627,1117,M
93,2,less than 2 Km,9198,27472,32034,3232,18906,5130,M
94,1,less than 2 Km,11314,3090,2062,35009,71,2698,M
95,2,less than 2 Km,5626,12220,11323,206,5038,244,M
96,1,less than 2 Km,3,2920,6252,440,223,709,M
97,2,less than 2 Km,23,2616,8118,145,3874,217,M
98,1,less than 2 Km,403,254,610,774,54,63,M
99,1,less than 2 Km,503,112,778,895,56,132,M
100,1,less than 2 Km,9658,2182,1909,5639,215,323,M
101,2,less than 2 Km,11594,7779,12144,3252,8035,3029,M
102,2,less than 2 Km,1420,10810,16267,1593,6766,1838,M
103,2,less than 2 Km,2932,6459,7677,2561,4573,1386,M
104,1,less than 2 Km,56082,3504,8906,18028,1480,2498,M
105,1,less than 2 Km,14100,2132,3445,1336,1491,548,M
106,1,less than 2 Km,15587,1014,3970,910,139,1378,M
107,2,less than 2 Km,1454,6337,10704,133,6830,1831,M
108,2,less than 2 Km,8797,10646,14886,2471,8969,1438,M
109,2,less than 2 Km,1531,8397,6981,247,2505,1236,M
110,2,less than 2 Km,1406,16729,28986,673,836,3,M
111,1,less than 2 Km,11818,1648,1694,2276,169,1647,M
112,2,less than 2 Km,12579,11114,17569,805,6457,1519,M
113,1,less than 2 Km,19046,2770,2469,8853,483,2708,M
114,1,less than 2 Km,14438,2295,1733,3220,585,1561,M
115,1,less than 2 Km,18044,1080,2000,2555,118,1266,M
116,1,less than 2 Km,11134,793,2988,2715,276,610,F
117,1,less than 2 Km,11173,2521,3355,1517,310,222,M
118,1,less than 2 Km,6990,3880,5380,1647,319,1160,M
119,1,less than 2 Km,20049,1891,2362,5343,411,933,F
120,1,less than 2 Km,8258,2344,2147,3896,266,635,M
121,1,less than 2 Km,17160,1200,3412,2417,174,1136,M
122,1,less than 2 Km,4020,3234,1498,2395,264,255,M
123,1,less than 2 Km,12212,201,245,1991,25,860,F
124,2,less than 2 Km,11170,10769,8814,2194,1976,143,M
125,1,less than 2 Km,36050,1642,2961,4787,500,1621,M
126,1,less than 2 Km,76237,3473,7102,16538,778,918,F
127,1,less than 2 Km,19219,1840,1658,8195,349,483,M
128,2,less than 2 Km,21465,7243,10685,880,2386,2749,M
129,1,less than 2 Km,140,8847,3823,142,1062,3,M
130,1,less than 2 Km,42312,926,1510,1718,410,1819,F
131,1,less than 2 Km,7149,2428,699,6316,395,911,M
132,1,less than 2 Km,2101,589,314,346,70,310,M
133,1,less than 2 Km,14903,2032,2479,576,955,328,F
134,1,less than 2 Km,9434,1042,1235,436,256,396,M
135,1,less than 2 Km,7388,1882,2174,720,47,537,M
136,1,less than 2 Km,6300,1289,2591,1170,199,326,M
137,1,less than 2 Km,4625,8579,7030,4575,2447,1542,F
138,1,less than 2 Km,3087,8080,8282,661,721,36,M
139,1,less than 2 Km,13537,4257,5034,155,249,3271,M
140,1,less than 2 Km,5387,4979,3343,825,637,929,F
141,1,less than 2 Km,17623,4280,7305,2279,960,2616,M
142,1,less than 2 Km,30379,13252,5189,321,51,1450,M
143,1,less than 2 Km,37036,7152,8253,2995,20,3,M
144,1,less than 2 Km,10405,1596,1096,8425,399,318,F
145,1,less than 2 Km,18827,3677,1988,118,516,201,M
146,2,less than 2 Km,22039,8384,34792,42,12591,4430,M
147,1,less than 2 Km,7769,1936,2177,926,73,520,F
148,1,less than 2 Km,9203,3373,2707,1286,1082,526,M
149,1,less than 2 Km,5924,584,542,4052,283,434,M
150,1,less than 2 Km,31812,1433,1651,800,113,1440,F
151,1,less than 2 Km,16225,1825,1765,853,170,1067,M
152,1,less than 2 Km,1289,3328,2022,531,255,1774,M
153,1,less than 2 Km,18840,1371,3135,3001,352,184,F
154,1,less than 2 Km,3463,9250,2368,779,302,1627,M
155,1,less than 2 Km,622,55,137,75,7,8,M
156,2,less than 2 Km,1989,10690,19460,233,11577,2153,M
157,2,less than 2 Km,3830,5291,14855,317,6694,3182,F
158,1,less than 2 Km,17773,1366,2474,3378,811,418,M
159,2,less than 2 Km,2861,6570,9618,930,4004,1682,M
160,2,less than 2 Km,355,7704,14682,398,8077,303,F
161,2,less than 2 Km,1725,3651,12822,824,4424,2157,M
162,1,less than 2 Km,12434,540,283,1092,3,2233,M
163,1,less than 2 Km,15177,2024,3810,2665,232,610,M
164,2,less than 2 Km,5531,15726,26870,2367,13726,446,F
165,2,less than 2 Km,5224,7603,8584,2540,3674,238,M
166,2,less than 2 Km,15615,12653,19858,4425,7108,2379,M
167,2,less than 2 Km,4822,6721,9170,993,4973,3637,F
168,1,less than 2 Km,2926,3195,3268,405,1680,693,M
169,1,less than 2 Km,5809,735,803,1393,79,429,M
170,1,less than 2 Km,5414,717,2155,2399,69,750,M
171,2,less than 2 Km,260,8675,13430,1116,7015,323,F
172,2,less than 2 Km,200,25862,19816,651,8773,6250,M
173,1,less than 2 Km,955,5479,6536,333,2840,707,M
174,2,less than 2 Km,514,7677,19805,937,9836,716,F
175,1,less than 2 Km,286,1208,5241,2515,153,1442,M
176,2,less than 2 Km,2343,7845,11874,52,4196,1697,M
177,1,less than 2 Km,45640,6958,6536,7368,1532,230,M
178,1,less than 2 Km,12759,7330,4533,1752,20,2631,F
179,1,less than 2 Km,11002,7075,4945,1152,120,395,M
180,1,less than 2 Km,3157,4888,2500,4477,273,2165,M
181,1,less than 2 Km,12356,6036,8887,402,1382,2794,F
182,1,less than 2 Km,112151,29627,18148,16745,4948,8550,M
183,1,less than 2 Km,694,8533,10518,443,6907,156,M
184,1,less than 2 Km,36847,43950,20170,36534,239,47943,F
185,1,less than 2 Km,327,918,4710,74,334,11,M
186,1,less than 2 Km,8170,6448,1139,2181,58,247,M
187,1,less than 2 Km,3009,521,854,3470,949,727,F
188,1,less than 2 Km,2438,8002,9819,6269,3459,3,M
189,2,less than 2 Km,8040,7639,11687,2758,6839,404,M
190,2,less than 2 Km,834,11577,11522,275,4027,1856,M
191,1,less than 2 Km,16936,6250,1981,7332,118,64,F
192,1,less than 2 Km,13624,295,1381,890,43,84,M
193,1,less than 2 Km,5509,1461,2251,547,187,409,M
194,2,less than 2 Km,180,3485,20292,959,5618,666,F
195,1,less than 2 Km,7107,1012,2974,806,355,1142,M
196,1,less than 2 Km,17023,5139,5230,7888,330,1755,M
197,1,more than 2 Km,30624,7209,4897,18711,763,2876,M
198,2,more than 2 Km,2427,7097,10391,1127,4314,1468,F
199,1,more than 2 Km,11686,2154,6824,3527,592,697,M
200,1,more than 2 Km,9670,2280,2112,520,402,347,M
201,2,more than 2 Km,3067,13240,23127,3941,9959,731,F
202,2,more than 2 Km,4484,14399,24708,3549,14235,1681,M
203,1,more than 2 Km,25203,11487,9490,5065,284,6854,M
204,1,more than 2 Km,583,685,2216,469,954,18,M
205,1,more than 2 Km,1956,891,5226,1383,5,1328,F
206,2,more than 2 Km,1107,11711,23596,955,9265,710,M
207,1,more than 2 Km,6373,780,950,878,288,285,M
208,2,more than 2 Km,2541,4737,6089,2946,5316,120,F
209,1,more than 2 Km,1537,3748,5838,1859,3381,806,M
210,2,more than 2 Km,5550,12729,16767,864,12420,797,M
211,1,more than 2 Km,18567,1895,1393,1801,244,2100,M
212,2,more than 2 Km,12119,28326,39694,4736,19410,2870,F
213,1,more than 2 Km,7291,1012,2062,1291,240,1775,M
214,1,more than 2 Km,3317,6602,6861,1329,3961,1215,M
215,2,more than 2 Km,2362,6551,11364,913,5957,791,F
216,1,more than 2 Km,2806,10765,15538,1374,5828,2388,M
217,2,more than 2 Km,2532,16599,36486,179,13308,674,M
218,1,more than 2 Km,18044,1475,2046,2532,130,1158,F
219,2,more than 2 Km,18,7504,15205,1285,4797,6372,M
220,1,more than 2 Km,4155,367,1390,2306,86,130,M
221,1,more than 2 Km,14755,899,1382,1765,56,749,F
222,1,more than 2 Km,5396,7503,10646,91,4167,239,M
223,1,more than 2 Km,5041,1115,2856,7496,256,375,M
224,2,more than 2 Km,2790,2527,5265,5612,788,1360,M
225,1,more than 2 Km,7274,659,1499,784,70,659,F
226,1,more than 2 Km,12680,3243,4157,660,761,786,M
227,2,more than 2 Km,20782,5921,9212,1759,2568,1553,M
228,1,more than 2 Km,4042,2204,1563,2286,263,689,F
229,1,more than 2 Km,1869,577,572,950,4762,203,M
230,1,more than 2 Km,8656,2746,2501,6845,694,980,M
231,2,more than 2 Km,11072,5989,5615,8321,955,2137,M
232,1,more than 2 Km,2344,10678,3828,1439,1566,490,F
233,1,more than 2 Km,25962,1780,3838,638,284,834,M
234,1,more than 2 Km,964,4984,3316,937,409,7,M
235,1,more than 2 Km,15603,2703,3833,4260,325,2563,F
236,1,more than 2 Km,1838,6380,2824,1218,1216,295,M
237,1,more than 2 Km,8635,820,3047,2312,415,225,M
238,1,more than 2 Km,18692,3838,593,4634,28,1215,M
239,1,more than 2 Km,7363,475,585,1112,72,216,F
240,1,more than 2 Km,47493,2567,3779,5243,828,2253,M
241,1,more than 2 Km,22096,3575,7041,11422,343,2564,M
242,1,more than 2 Km,24929,1801,2475,2216,412,1047,F
243,1,more than 2 Km,18226,659,2914,3752,586,578,M
244,1,more than 2 Km,11210,3576,5119,561,1682,2398,M
245,1,more than 2 Km,6202,7775,10817,1183,3143,1970,M
246,2,more than 2 Km,3062,6154,13916,230,8933,2784,F
247,1,more than 2 Km,8885,2428,1777,1777,430,610,M
248,1,more than 2 Km,13569,346,489,2077,44,659,M
249,1,more than 2 Km,15671,5279,2406,559,562,572,F
250,1,more than 2 Km,8040,3795,2070,6340,918,291,M
251,1,more than 2 Km,3191,1993,1799,1730,234,710,M
252,2,more than 2 Km,6134,23133,33586,6746,18594,5121,F
253,1,more than 2 Km,6623,1860,4740,7683,205,1693,M
254,1,more than 2 Km,29526,7961,16966,432,363,1391,M
255,1,more than 2 Km,10379,17972,4748,4686,1547,3265,F
256,1,more than 2 Km,31614,489,1495,3242,111,615,M
257,1,more than 2 Km,11092,5008,5249,453,392,373,M
258,1,more than 2 Km,8475,1931,1883,5004,3593,987,M
259,1,more than 2 Km,56083,4563,2124,6422,730,3321,F
260,1,more than 2 Km,53205,4959,7336,3012,967,818,M
261,1,more than 2 Km,9193,4885,2157,327,780,548,M
262,1,more than 2 Km,7858,1110,1094,6818,49,287,F
263,1,more than 2 Km,23257,1372,1677,982,429,655,M
264,1,more than 2 Km,2153,1115,6684,4324,2894,411,M
265,2,more than 2 Km,1073,9679,15445,61,5980,1265,M
266,1,more than 2 Km,5909,23527,13699,10155,830,3636,F
267,2,more than 2 Km,572,9763,22182,2221,4882,2563,M
268,1,more than 2 Km,20893,1222,2576,3975,737,3628,M
269,2,more than 2 Km,11908,8053,19847,1069,6374,698,F
270,1,more than 2 Km,15218,258,1138,2516,333,204,M
271,1,more than 2 Km,4720,1032,975,5500,197,56,M
272,1,more than 2 Km,2083,5007,1563,1120,147,1550,M
273,1,more than 2 Km,514,8323,6869,529,93,1040,F
274,1,less than 2 Km,36817,3045,1493,4802,210,1824,M
275,1,less than 2 Km,894,1703,1841,744,759,1153,M
276,1,less than 2 Km,680,1610,223,862,96,379,F
277,1,less than 2 Km,27901,3749,6964,4479,603,2503,M
278,1,less than 2 Km,9061,829,683,16919,621,139,M
279,1,less than 2 Km,11693,2317,2543,5845,274,1409,M
280,2,less than 2 Km,17360,6200,9694,1293,3620,1721,F
281,1,less than 2 Km,3366,2884,2431,977,167,1104,M
282,2,less than 2 Km,12238,7108,6235,1093,2328,2079,M
283,1,less than 2 Km,49063,3965,4252,5970,1041,1404,F
284,1,less than 2 Km,25767,3613,2013,10303,314,1384,M
285,1,less than 2 Km,68951,4411,12609,8692,751,2406,M
286,1,less than 2 Km,40254,640,3600,1042,436,18,F
287,1,less than 2 Km,7149,2247,1242,1619,1226,128,M
288,1,less than 2 Km,15354,2102,2828,8366,386,1027,M
289,1,less than 2 Km,16260,594,1296,848,445,258,F
290,1,less than 2 Km,42786,286,471,1388,32,22,M
291,1,less than 2 Km,2708,2160,2642,502,965,1522,M
292,1,less than 2 Km,6022,3354,3261,2507,212,686,M
293,1,less than 2 Km,2838,3086,4329,3838,825,1060,F
294,2,less than 2 Km,3996,11103,12469,902,5952,741,M
295,1,less than 2 Km,21273,2013,6550,909,811,1854,M
296,2,less than 2 Km,7588,1897,5234,417,2208,254,F
297,1,less than 2 Km,19087,1304,3643,3045,710,898,M
298,2,less than 2 Km,8090,3199,6986,1455,3712,531,M
299,2,less than 2 Km,6758,4560,9965,934,4538,1037,M
300,1,less than 2 Km,444,879,2060,264,290,259,F
301,2,less than 2 Km,16448,6243,6360,824,2662,2005,M
302,2,less than 2 Km,5283,13316,20399,1809,8752,172,M
303,2,less than 2 Km,2886,5302,9785,364,6236,555,F
304,2,less than 2 Km,2599,3688,13829,492,10069,59,M
305,2,less than 2 Km,161,7460,24773,617,11783,2410,M
306,2,less than 2 Km,243,12939,8852,799,3909,211,M
307,2,less than 2 Km,6468,12867,21570,1840,7558,1543,F
308,1,less than 2 Km,17327,2374,2842,1149,351,925,M
309,1,less than 2 Km,6987,1020,3007,416,257,656,M
310,2,less than 2 Km,918,20655,13567,1465,6846,806,F
311,1,less than 2 Km,7034,1492,2405,12569,299,1117,M
312,1,less than 2 Km,29635,2335,8280,3046,371,117,M
313,2,less than 2 Km,2137,3737,19172,1274,17120,142,M
314,1,less than 2 Km,9784,925,2405,4447,183,297,F
315,1,less than 2 Km,10617,1795,7647,1483,857,1233,M
316,2,less than 2 Km,1479,14982,11924,662,3891,3508,M
317,1,less than 2 Km,7127,1375,2201,2679,83,1059,F
318,1,less than 2 Km,1182,3088,6114,978,821,1637,M
319,1,less than 2 Km,11800,2713,3558,2121,706,51,M
320,2,less than 2 Km,9759,25071,17645,1128,12408,1625,M
321,1,less than 2 Km,1774,3696,2280,514,275,834,M
322,1,less than 2 Km,9155,1897,5167,2714,228,1113,F
323,1,less than 2 Km,15881,713,3315,3703,1470,229,M
324,1,less than 2 Km,13360,944,11593,915,1679,573,M
325,1,less than 2 Km,25977,3587,2464,2369,140,1092,F
326,1,less than 2 Km,32717,16784,13626,60869,1272,5609,M
327,1,less than 2 Km,4414,1610,1431,3498,387,834,M
328,1,less than 2 Km,542,899,1664,414,88,522,M
329,1,less than 2 Km,16933,2209,3389,7849,210,1534,F
330,1,less than 2 Km,5113,1486,4583,5127,492,739,M
331,1,less than 2 Km,9790,1786,5109,3570,182,1043,M
332,2,less than 2 Km,11223,14881,26839,1234,9606,1102,F
333,1,less than 2 Km,22321,3216,1447,2208,178,2602,M
334,2,less than 2 Km,8565,4980,67298,131,38102,1215,M
335,2,less than 2 Km,16823,928,2743,11559,332,3486,M
336,2,less than 2 Km,27082,6817,10790,1365,4111,2139,F
337,1,less than 2 Km,13970,1511,1330,650,146,778,M
338,1,less than 2 Km,9351,1347,2611,8170,442,868,M
339,1,less than 2 Km,3,333,7021,15601,15,550,F
340,1,less than 2 Km,2617,1188,5332,9584,573,1942,M
341,2,less than 2 Km,381,4025,9670,388,7271,1371,M
342,2,less than 2 Km,2320,5763,11238,767,5162,2158,M
343,1,less than 2 Km,255,5758,5923,349,4595,1328,F
344,2,less than 2 Km,1689,6964,26316,1456,15469,37,M
345,1,less than 2 Km,3043,1172,1763,2234,217,379,M
346,1,less than 2 Km,1198,2602,8335,402,3843,303,F
347,2,less than 2 Km,2771,6939,15541,2693,6600,1115,M
348,2,less than 2 Km,27380,7184,12311,2809,4621,1022,M
349,1,less than 2 Km,3428,2380,2028,1341,1184,665,M
350,2,less than 2 Km,5981,14641,20521,2005,12218,445,F
351,1,less than 2 Km,3521,1099,1997,1796,173,995,M
352,2,less than 2 Km,1210,10044,22294,1741,12638,3137,M
353,1,less than 2 Km,608,1106,1533,830,90,195,F
354,2,less than 2 Km,117,6264,21203,228,8682,1111,M
355,1,less than 2 Km,14039,7393,2548,6386,1333,2341,M
356,1,less than 2 Km,190,727,2012,245,184,127,F
357,1,less than 2 Km,22686,134,218,3157,9,548,M
358,2,less than 2 Km,37,1275,22272,137,6747,110,M
359,1,less than 2 Km,759,18664,1660,6114,536,4100,F
360,1,less than 2 Km,796,5878,2109,340,232,776,M
361,1,less than 2 Km,19746,2872,2006,2601,468,503,M
362,1,less than 2 Km,4734,607,864,1206,159,405,M
363,1,less than 2 Km,2121,1601,2453,560,179,712,F
364,1,less than 2 Km,4627,997,4438,191,1335,314,M
365,1,less than 2 Km,2615,873,1524,1103,514,468,M
366,2,less than 2 Km,4692,6128,8025,1619,4515,3105,F
367,1,less than 2 Km,9561,2217,1664,1173,222,447,M
368,1,less than 2 Km,3477,894,534,1457,252,342,M
369,1,less than 2 Km,22335,1196,2406,2046,101,558,M
370,1,less than 2 Km,6211,337,683,1089,41,296,F
371,2,less than 2 Km,39679,3944,4955,1364,523,2235,M
372,1,less than 2 Km,20105,1887,1939,8164,716,790,M
373,1,less than 2 Km,3884,3801,1641,876,397,4829,F
374,2,less than 2 Km,15076,6257,7398,1504,1916,3113,M
375,1,less than 2 Km,6338,2256,1668,1492,311,686,M
376,1,less than 2 Km,5841,1450,1162,597,476,70,M
377,2,less than 2 Km,3136,8630,13586,5641,4666,1426,F
378,1,less than 2 Km,38793,3154,2648,1034,96,1242,M
379,1,less than 2 Km,3225,3294,1902,282,68,1114,M
380,2,less than 2 Km,4048,5164,10391,130,813,179,F
381,1,less than 2 Km,28257,944,2146,3881,600,270,M
382,1,less than 2 Km,17770,4591,1617,9927,246,532,M
383,1,less than 2 Km,34454,7435,8469,2540,1711,2893,M
384,1,less than 2 Km,1821,1364,3450,4006,397,361,F
385,1,less than 2 Km,10683,21858,15400,3635,282,5120,M
386,1,less than 2 Km,11635,922,1614,2583,192,1068,M
387,1,less than 2 Km,1206,3620,2857,1945,353,967,F
388,1,less than 2 Km,20918,1916,1573,1960,231,961,M
389,1,less than 2 Km,9785,848,1172,1677,200,406,M
390,1,less than 2 Km,9385,1530,1422,3019,227,684,F
391,1,less than 2 Km,3352,1181,1328,5502,311,1000,M
392,1,less than 2 Km,2647,2761,2313,907,95,1827,M
393,1,less than 2 Km,518,4180,3600,659,122,654,F
394,1,less than 2 Km,23632,6730,3842,8620,385,819,M
395,1,less than 2 Km,12377,865,3204,1398,149,452,M
396,1,less than 2 Km,9602,1316,1263,2921,841,290,M
397,2,less than 2 Km,4515,11991,9345,2644,3378,2213,F
398,1,less than 2 Km,11535,1666,1428,6838,64,743,M
399,1,less than 2 Km,11442,1032,582,5390,74,247,M
400,1,less than 2 Km,9612,577,935,1601,469,375,F
401,1,less than 2 Km,4446,906,1238,3576,153,1014,M
402,1,less than 2 Km,27167,2801,2128,13223,92,1902,M
403,1,less than 2 Km,26539,4753,5091,220,10,340,M
404,1,less than 2 Km,25606,11006,4604,127,632,288,F
405,1,less than 2 Km,18073,4613,3444,4324,914,715,M
406,1,less than 2 Km,6884,1046,1167,2069,593,378,M
407,1,less than 2 Km,25066,5010,5026,9806,1092,960,F
408,2,less than 2 Km,7362,12844,18683,2854,7883,553,M
409,2,less than 2 Km,8257,3880,6407,1646,2730,344,M
410,1,less than 2 Km,8708,3634,6100,2349,2123,5137,M
411,1,less than 2 Km,6633,2096,4563,1389,1860,1892,F
412,1,less than 2 Km,2126,3289,3281,1535,235,4365,M
413,1,less than 2 Km,97,3605,12400,98,2970,62,M
414,1,less than 2 Km,4983,4859,6633,17866,912,2435,F
415,1,less than 2 Km,5969,1990,3417,5679,1135,290,M
416,2,less than 2 Km,7842,6046,8552,1691,3540,1874,M
417,2,less than 2 Km,4389,10940,10908,848,6728,993,M
418,1,less than 2 Km,5065,5499,11055,364,3485,1063,F
419,2,less than 2 Km,660,8494,18622,133,6740,776,M
420,1,less than 2 Km,8861,3783,2223,633,1580,1521,M
421,1,less than 2 Km,4456,5266,13227,25,6818,1393,F
422,2,less than 2 Km,17063,4847,9053,1031,3415,1784,M
423,1,less than 2 Km,26400,1377,4172,830,948,1218,M
424,2,less than 2 Km,17565,3686,4657,1059,1803,668,F
425,2,less than 2 Km,16980,2884,12232,874,3213,249,M
426,1,less than 2 Km,11243,2408,2593,15348,108,1886,M
427,1,less than 2 Km,13134,9347,14316,3141,5079,1894,F
428,1,less than 2 Km,31012,16687,5429,15082,439,1163,M
429,1,less than 2 Km,3047,5970,4910,2198,850,317,M
430,1,less than 2 Km,8607,1750,3580,47,84,2501,M
431,1,less than 2 Km,3097,4230,16483,575,241,2080,F
432,1,less than 2 Km,8533,5506,5160,13486,1377,1498,M
433,1,less than 2 Km,21117,1162,4754,269,1328,395,M
434,1,less than 2 Km,1982,3218,1493,1541,356,1449,F
435,1,less than 2 Km,16731,3922,7994,688,2371,838,M
436,1,less than 2 Km,29703,12051,16027,13135,182,2204,M
437,1,less than 2 Km,39228,1431,764,4510,93,2346,M
438,2,less than 2 Km,14531,15488,30243,437,14841,1867,F
439,1,less than 2 Km,10290,1981,2232,1038,168,2125,M
440,1,less than 2 Km,2787,1698,2510,65,477,52,M
441,1,less than 2 Km,27167,2801,2128,13223,92,1902,M
442,1,less than 2 Km,26539,4753,5091,220,10,340,M
443,1,less than 2 Km,25606,11006,4604,127,632,288,F
444,1,less than 2 Km,18073,4613,3444,4324,914,715,M
445,1,less than 2 Km,6884,1046,1167,2069,593,378,M
446,1,less than 2 Km,25066,5010,5026,9806,1092,960,F
447,2,less than 2 Km,7362,12844,18683,2854,7883,553,M
448,2,less than 2 Km,8257,3880,6407,1646,2730,344,M
449,1,less than 2 Km,8708,3634,6100,2349,2123,5137,M
450,1,less than 2 Km,6633,2096,4563,1389,1860,1892,F
451,1,less than 2 Km,2126,3289,3281,1535,235,4365,M
452,1,less than 2 Km,97,3605,12400,98,2970,62,M
453,1,less than 2 Km,4983,4859,6633,17866,912,2435,F
454,1,less than 2 Km,5969,1990,3417,5679,1135,290,M
455,2,less than 2 Km,7842,6046,8552,1691,3540,1874,M
456,2,less than 2 Km,4389,10940,10908,848,6728,993,M
457,1,less than 2 Km,5065,5499,11055,364,3485,1063,F
458,2,less than 2 Km,660,8494,18622,133,6740,776,M
459,1,less than 2 Km,8861,3783,2223,633,1580,1521,M
460,1,less than 2 Km,4456,5266,13227,25,6818,1393,F
461,2,less than 2 Km,17063,4847,9053,1031,3415,1784,M
462,1,less than 2 Km,26400,1377,4172,830,948,1218,M
463,2,less than 2 Km,17565,3686,4657,1059,1803,668,F
464,2,less than 2 Km,16980,2884,12232,874,3213,249,M
465,1,less than 2 Km,11243,2408,2593,15348,108,1886,M
466,1,less than 2 Km,13134,9347,14316,3141,5079,1894,F
467,1,less than 2 Km,31012,16687,5429,15082,439,1163,M
468,1,less than 2 Km,3047,5970,4910,2198,850,317,M
469,1,less than 2 Km,8607,1750,3580,47,84,2501,M
470,1,less than 2 Km,3097,4230,16483,575,241,2080,F
471,1,less than 2 Km,8533,5506,5160,13486,1377,1498,M
472,1,less than 2 Km,21117,1162,4754,269,1328,395,M
473,1,less than 2 Km,1982,3218,1493,1541,356,1449,F
474,1,less than 2 Km,16731,3922,7994,688,2371,838,M
475,1,less than 2 Km,29703,12051,16027,13135,182,2204,M
476,1,less than 2 Km,39228,1431,764,4510,93,2346,M
477,2,less than 2 Km,14531,15488,30243,437,14841,1867,F
478,1,less than 2 Km,10290,1981,2232,1038,168,2125,M
479,1,less than 2 Km,2787,1698,2510,65,477,52,M
